sdudsaheb,2022-05-08
KatarUndine,2022-05-08
PixeticaOne,2022-05-08
lanzdingz,2022-05-08
mrfaun_dfk,2022-05-08
BevGoldstein,2022-05-08
0xStorm1,2022-05-08
katarina_crypto,2022-05-08
harmonyvilleone,2022-05-08
Samichpunch,2022-05-08
cougarswap,2022-05-08
PetrifyTCG,2022-05-08
Roblox,2022-05-08
gcockfoster,2022-05-08
pinehearst_,2022-05-08
gmfrens_games,2022-05-08
CryptoAlgebra,2022-05-08
ArtechistSnow,2022-05-08
evolucen,2022-05-08
RevokeCash,2022-05-08
Professor_Tango,2022-05-08
dfk_arena,2022-05-09
ShillXOfficial,2022-05-09
OneCelestial,2022-05-09