raritycapital,2022-05-03
HarryStebbings,2022-05-03
the3djesus,2022-05-03
doctorjiggle,2022-05-03
jellyprotocol,2022-05-03
Appleseed_iii,2022-05-03
nvneik,2022-05-03
OthersideMeta,2022-05-03
danielgothits,2022-05-03
HerroCrypto,2022-05-03
GoodWillYunting,2022-05-03
TheRogueItachi,2022-05-03
0mnus,2022-05-03
realCryptoBravo,2022-05-03
3headlarper,2022-05-03
cryptobulma,2022-05-03
AnataGodeth,2022-05-03
SpacemanBTC,2022-05-03
0xmighaz,2022-05-03
PsyChrypto,2022-05-03
TheWaifuKing,2022-05-04
WaifuKingNFT,2022-05-04
blur_io,2022-05-05
samchepal,2022-05-05
JennieTheDivine,2022-05-05
RafikeyAurory,2022-05-07
litedart,2022-05-07
