kamogawayuka,2022-05-03
yoomoota,2022-05-03
LlamascapeNFT,2022-05-03
Movez_app,2022-05-03
thearmors,2022-05-03
teamcryptogolf,2022-05-03
LostEdenNFT,2022-05-03
PiratesLandio,2022-05-03
catcat_pro,2022-05-03
shikigai_nft,2022-05-03
stable_fish,2022-05-03
ibeeFinance,2022-05-03
andfixedhash,2022-05-03
me_L2R,2022-05-03
ano9999k,2022-05-03
_ThorFinancial,2022-05-03
GodsofAsgardP2E,2022-05-03
ReconRams,2022-05-03
ryster_revo,2022-05-03
RLYNetworkAssoc,2022-05-03
Alpha_HomoraV2,2022-05-04
AlphaVentureDAO,2022-05-04
Francium_Defi,2022-05-04
mars_protocol,2022-05-04
SwordsofBlood_,2022-05-04
gamergains_,2022-05-04
NftTrader,2022-05-04
salmon_crypto,2022-05-04
ArenaMasterGame,2022-05-04
TanksALotMeta,2022-05-04
sam36022,2022-05-04
RavendawnEtern,2022-05-05
GnomeMinesNFT,2022-05-05
Ganverse_Media,2022-05-05
tochitochiri,2022-05-05
Shillin_Villian,2022-05-05
PepoGifts,2022-05-05
PepoParadise,2022-05-05
QmallExchange,2022-05-05
ecosystemsleep,2022-05-05
TN90803803,2022-05-06
blur_io,2022-05-06
ChisaiNft,2022-05-06
ImpermaxFinance,2022-05-06
snowballdefi,2022-05-06
PembrockFi,2022-05-06
_cryptobolt_,2022-05-07
DoubleProtocol,2022-05-07
ninokuni_global,2022-05-07
moonraygame,2022-05-07
DoragonLand_DOR,2022-05-07
doragonland_jp,2022-05-07
SpeculatorArt,2022-05-07
BoryokuDragonz,2022-05-07
trustfiorg,2022-05-07
AgletApp,2022-05-07
playarcadeland,2022-05-07
dypfinance,2022-05-07
CryptoBarP2P,2022-05-08
amazyio,2022-05-08
RunBlox_io,2022-05-08
Eternals_MMORPG,2022-05-09
EvilMagicD,2022-05-09
CatacombCrawler,2022-05-09
playdragonspire,2022-05-09
ANIM_JP,2022-05-09
keroz_official,2022-05-09
OrbitalApes,2022-05-09
VeneraSwap,2022-05-09