zenogakki,2022-05-08
_huancho,2022-05-08
patrickdang,2022-05-08
jholguin,2022-05-08
kingfxyo,2022-05-08
okaybears,2022-05-08
PREMINT_NFT,2022-05-08
Thrown_ETH,2022-05-08
vividcojp,2022-05-08
currywagmi,2022-05-08
JustinMezzell,2022-05-08
owangenft,2022-05-08
DegenPasss,2022-05-08
zachxbt,2022-05-08
9tales_NFT,2022-05-08
afinley3d,2022-05-08
guyoseary,2022-05-08
CryptoHayes,2022-05-08
NFTnxo,2022-05-08
CrypSaf,2022-05-08
LOREMNFT,2022-05-09
gradyedbertnft,2022-05-09
Atelier_Genesis,2022-05-09
MagicEden,2022-05-09
DannyWalnert,2022-05-09
netflix,2022-05-10
dyners77,2022-05-10