doubleape,2022-05-08
blastroyale,2022-05-08
projectPXN,2022-05-08
0xMZO,2022-05-08
NFT_Scouting2,2022-05-08
amytongwu,2022-05-08
kurorobeast,2022-05-08
frey,2022-05-08
nesanel6152,2022-05-08
0xQuit,2022-05-08
Improbableio,2022-05-08
tkadino1,2022-05-08
AttaMuck,2022-05-08
myriagames,2022-05-08
sighduck,2022-05-08
RagnarokMeta,2022-05-08
0xfanfaron,2022-05-08
JoePompliano,2022-05-08
DepecheNode_,2022-05-08
BreederDAO,2022-05-08
WalterIsaacson,2022-05-09
chrisbennett,2022-05-10
punk9059,2022-05-10
eking0x,2022-05-10
mcuban,2022-05-10