fiwoajaiwiajz,2022-05-03
bluesky,2022-05-03
PayInBEAM,2022-05-03
1rskl,2022-05-03
Derivatives_Ape,2022-05-03
sadlyoddisfying,2022-05-03
sonofalli,2022-05-03
0xgaut,2022-05-03
ObadiaAlex,2022-05-03
cronokirby,2022-05-03
0xjepsen,2022-05-03
AnotherJannik,2022-05-03
WillPapper,2022-05-03
DCbuild3r,2022-05-03
Swagtimus,2022-05-03
protolambda,2022-05-03
norswap,2022-05-03
nickwh8te,2022-05-03
domothy,2022-05-03
toghrulmaharram,2022-05-03
jonwu_,2022-05-03
GetKicks_io,2022-05-05
sheslaurenlee,2022-05-07
ademhassan1,2022-05-07
Awawat_Trades,2022-05-10
pseudotheos,2022-05-10
0xalena,2022-05-10
richardcraib,2022-05-10
AlgodTrading,2022-05-10